{"white": {
    "meta": {
      "total_time": 0.4000396728515625,
      "api_version": "5",
      "items_per_page": 10,
      "search_steps_explanation": "",
      "search_time": 0.002,
      "paging": false,
      "query": "hamborgarafabrikkan",
      "copyright": "© 2016, Já hf.",
      "company_types": {},
      "last_item": 0,
      "query_id": "P9T5CZIK9jQYz9r1",
      "first_item": 1,
      "tags": {},
      "total_results": 0
    },
    "items": []
  },
  "yellow": {
    "meta": {
      "total_time": 0.4000513553619385,
      "api_version": "5",
      "items_per_page": 10,
      "search_steps_explanation": "",
      "search_time": 0.003,
      "paging": false,
      "query": "hamborgarafabrikkan",
      "copyright": "© 2016, Já hf.",
      "company_types": {},
      "last_item": 1,
      "query_id": "P9T5CZIK9jQYz9r1",
      "first_item": 1,
      "tags": {},
      "total_results": 1
    },
    "items": [
      {
        "address": "Katrínartúni 2",
        "fax": null,
        "address_nominative": "Katrínartún 2",
        "rating_score": 310,
        "booking_link": null,
        "url_pretty": "www.fabrikkan.is",
        "has_infopage": null,
        "brand_banner_modified": "2016-10-30 00:00:00",
        "name": "Íslenska Hamborgarafabrikkan",
        "cluster_rating_mean": 4.2,
        "hide_ssn": false,
        "rating_count": 58,
        "house_number_supplement": "",
        "twitter_uid": null,
        "match_in_oskrad": false,
        "brand_banner_path": "http://media.ja.is/sala/vorumerkjasida/banner/bannandi.png",
        "logo_url_medium": "sala/logo/200x114/24816_1_1_HT0oa6p.png",
        "url": "http://www.fabrikkan.is",
        "logo_url_low": "sala/logo/100x57/24816_1_1_HT0oa6p.png",
        "bold": true,
        "postal_station_nominative": "105 Reykjavík",
        "vat_number": "103255",
        "has_branches": true,
        "banned": false,
        "is_person": false,
        "first_name": "Íslenska Hamborgarafabrikkan",
        "street": "Katrínartúni",
        "municipality": "Reykjavík",
        "hashid": "21pnM",
        "facebook_uid": null,
        "logo_url": "sala/logo/120x70/24816_1_1_HT0oa6p.png",
        "brand_banner_height": 398,
        "logo_url_high": "sala/logo/300x171/24816_1_1_HT0oa6p.png",
        "has_map_img": null,
        "cluster_rating_score": 310,
        "hours_presentation": [
          [
            "sun-mið",
            "11-22",
            "current-closed"
          ],
          [
            "fim-lau",
            "11-24",
            ""
          ]
        ],
        "occupation": "Höfðatorgi",
        "gift_certificate_link": null,
        "cluster_rating_split": {
          "1": 3,
          "2": 5,
          "3": 7,
          "4": 8,
          "5": 35
        },
        "video_url": null,
        "rating_comment_id": 3711,
        "instant_messaging_address": null,
        "postal_station": "105 Reykjavík",
        "rating_split": {
          "1": 3,
          "2": 5,
          "3": 7,
          "4": 8,
          "5": 35
        },
        "indexed_at": "2016-10-29 21:09:12",
        "additional_phones": [],
        "has_slogan": null,
        "hours": "sun-mid 11:00-22:00\nfim-lau 11:00-00:00",
        "last_name": "",
        "has_branded_page": true,
        "slogan": null,
        "is_open": false,
        "subtype": null,
        "distance": null,
        "cluster_rating_count": 58,
        "type": "yellow",
        "middle_name": "",
        "postal_code": 105,
        "distance_display": null,
        "color": null,
        "twitter_link": null,
        "coordinates": {
          "show_map_link": true,
          "y": 407935,
          "lat": 64.144973,
          "ja360_url": "http://ja.is/kort/?q=%C3%8Dslenska%20Hamborgarafabrikkan%2C%20Katr%C3%ADnart%C3%BAni%202&x=358541&y=407946&z=8&ja360=1&ji=1053854&jh=351&fov=90&vlookat=0.0",
          "ja360_heading": 350.64966,
          "ja360_fov": 90,
          "x": 358518,
          "ja360_image_url": "http://stor-1.ja.is/preview/preview_1493514.jpg",
          "ja360_vlookat": 0,
          "lon": -21.907435,
          "ja360_image_id": 1053854,
          "map_image_url": "http://ja.is/kort/static/?x=358518&y=407935&z=7",
          "ja360_image_y": 407946,
          "has_360": true,
          "ja360_image_x": 358541,
          "map_url": "http://ja.is/kort/?q=%C3%8Dslenska%20Hamborgarafabrikkan%2C%20Katr%C3%ADnart%C3%BAni%202&x=358518&y=407935&z=8&type=map"
        },
        "email": "fabrikkan@fabrikkan.is",
        "has_ratings": null,
        "phone": {
          "pretty": "575 7575",
          "number": "5757575",
          "country_code": "",
          "type": "almenn",
          "operator": "07",
          "banned": false
        },
        "has_coordinates": true,
        "is_primary": true,
        "company_type": [
          "veisluþjónusta",
          "veitingastaður"
        ],
        "brand_banner_width": 916,
        "country": null,
        "keywords": [
          "borgari",
          "burger",
          "börger",
          "citizen",
          "fabrikka hamburger",
          "fabrikkan",
          "fabrikkuborgari",
          "food",
          "hamborgarafabrikkan",
          "hamborgari",
          "matur",
          "morhtens",
          "morthens",
          "restaurant",
          "simmi and jói",
          "simmi og jói",
          "tavern",
          "veitingahús",
          "veitingastaður",
          "íslenska hamborgarafabrikkan"
        ],
        "slug": "islenska-hamborgarafabrikkan",
        "map_img_url": null,
        "facebook_link": null,
        "sub_lines": [
          {
            "title": "Afgreiðslutími:",
            "phones": [],
            "bold": false,
            "color": null,
            "type": "phone"
          },
          {
            "title": "Sun-mið kl 11:00-22:00.  Fim-lau kl 11:00-00:00",
            "phones": [],
            "bold": false,
            "color": null,
            "type": "phone"
          }
        ],
        "categories": [
          "hamburger restaurants",
          "veitingahús",
          "restauracje serwujace hamburgery",
          "hamborgarastaðir",
          "restauracje",
          "restaurants"
        ],
        "brand_background_color": "#ffffff",
        "square_logo_url_large": null,
        "branch_title": {
          "is": {
            "plural": "Aðrar skráningar",
            "singular": "Önnur skráning"
          },
          "en": {
            "plural": "Other entries",
            "singular": "Another entry"
          }
        },
        "social": [],
        "rating_display": true,
        "has_description": null,
        "phonebook_id_number": "1493514",
        "description": null,
        "rating_mean": 4.2,
        "national_id_number": "7107090170",
        "square_logo_url_small": null,
        "cluster_key": "hamborgarafabrikkan",
        "house_number": 2,
        "explanation": null,
        "common_id": "1493514",
        "is_branch": false,
        "service_page_path": "hamborgarafabrikkan",
        "brand_banner_target": "http://www.fabrikkan.is/"
      }
    ]
  }
}